{"cameraMode":{"drawMode":0,"name":"Shaded","section":"Shading Mode"},"sceneLighting":false,"audioPlay":false,"sceneViewState":{"showFog":true,"showMaterialUpdate":false,"showSkybox":false,"showFlares":true,"showImageEffects":true,"showParticleSystems":true},"in2DMode":false,"pivot":{"x":9.027315139770508,"y":2.6893391609191896,"z":-1.7540730237960816},"rotation":{"x":-0.07146083563566208,"y":0.6757739782333374,"z":-0.06610409915447235,"w":-0.7306525707244873},"size":7.4705095291137699,"orthographic":true}