{"cameraMode":{"drawMode":0,"name":"Shaded","section":"Shading Mode"},"sceneLighting":false,"audioPlay":false,"sceneViewState":{"showFog":true,"showMaterialUpdate":false,"showSkybox":false,"showFlares":true,"showImageEffects":true,"showParticleSystems":true},"in2DMode":false,"pivot":{"x":-0.6676559448242188,"y":0.19086170196533204,"z":-6.596586227416992},"rotation":{"x":0.01594608463346958,"y":0.9341027736663818,"z":0.042063336819410327,"w":-0.3541589379310608},"size":334.8359375,"orthographic":true}